,,,,,,,,,,,단위 : 동
구분,구분,구분,합계,10년미만,10~15년미만,15~20년미만,20~25년미만,25~30년미만,30~35년미만,35년이상,기타
서울특별시,강남구,개포동,  481 ,  13 ,  43 ,  25 ,  45 ,  281 ,  52 ,  20 ,  2 
서울특별시,강남구,논현동,"  1,897 ",  231 ,  252 ,  184 ,  179 ,  469 ,  272 ,  307 ,  3 
서울특별시,강남구,대치동,  842 ,  90 ,  133 ,  108 ,  105 ,  203 ,  88 ,  113 ,  2 
서울특별시,강남구,도곡동,  484 ,  31 ,  54 ,  52 ,  80 ,  176 ,  53 ,  38 ,  - 
서울특별시,강남구,삼성동,  948 ,  109 ,  144 ,  87 ,  103 ,  251 ,  122 ,  127 ,  5 
서울특별시,강남구,세곡동,  58 ,  32 ,  2 ,  2 ,  4 ,  3 ,  3 ,  11 ,  1 
서울특별시,강남구,수서동,  88 ,  10 ,  6 ,  13 ,  28 ,  14 ,  15 ,  2 ,  - 
서울특별시,강남구,신사동,"  1,539 ",  136 ,  217 ,  201 ,  190 ,  339 ,  205 ,  251 ,  - 
서울특별시,강남구,압구정동,  25 ,  1 ,  - ,  - ,  2 ,  - ,  4 ,  18 ,  - 
서울특별시,강남구,역삼동,"  2,143 ",  279 ,  310 ,  254 ,  231 ,  580 ,  277 ,  208 ,  4 
서울특별시,강남구,율현동,  24 ,  15 ,  2 ,  4 ,  - ,  2 ,  - ,  1 ,  - 
서울특별시,강남구,일원동,  146 ,  4 ,  5 ,  3 ,  10 ,  73 ,  43 ,  7 ,  1 
서울특별시,강남구,자곡동,  47 ,  29 ,  3 ,  5 ,  2 ,  - ,  3 ,  4 ,  1 
서울특별시,강남구,청담동,  902 ,  151 ,  127 ,  116 ,  94 ,  180 ,  95 ,  134 ,  5 
서울특별시,강동구,강일동,  53 ,  42 ,  2 ,  1 ,  6 ,  - ,  - ,  2 ,  - 
서울특별시,강동구,고덕동,  97 ,  11 ,  2 ,  5 ,  8 ,  19 ,  50 ,  2 ,  - 
서울특별시,강동구,길동,  393 ,  30 ,  36 ,  25 ,  50 ,  96 ,  80 ,  75 ,  1 
서울특별시,강동구,둔촌동,  232 ,  35 ,  15 ,  24 ,  35 ,  50 ,  38 ,  35 ,  - 
서울특별시,강동구,명일동,  246 ,  9 ,  17 ,  11 ,  35 ,  58 ,  68 ,  48 ,  - 
서울특별시,강동구,상일동,  104 ,  11 ,  11 ,  9 ,  7 ,  23 ,  36 ,  6 ,  1 
서울특별시,강동구,성내동,  771 ,  53 ,  71 ,  56 ,  77 ,  142 ,  157 ,  207 ,  8 
서울특별시,강동구,암사동,  383 ,  28 ,  29 ,  22 ,  33 ,  79 ,  61 ,  125 ,  6 
서울특별시,강동구,천호동,"  1,019 ",  52 ,  53 ,  61 ,  86 ,  156 ,  133 ,  451 ,  27 
서울특별시,강북구,미아동,"  1,454 ",  94 ,  60 ,  76 ,  145 ,  234 ,  233 ,  610 ,  2 
서울특별시,강북구,번동,  477 ,  56 ,  40 ,  42 ,  78 ,  114 ,  55 ,  92 ,  - 
서울특별시,강북구,수유동,"  1,523 ",  121 ,  81 ,  66 ,  155 ,  257 ,  285 ,  557 ,  1 
서울특별시,강북구,우이동,  189 ,  28 ,  12 ,  18 ,  11 ,  11 ,  27 ,  78 ,  4 
서울특별시,강서구,가양동,  186 ,  25 ,  17 ,  26 ,  31 ,  49 ,  8 ,  28 ,  2 
서울특별시,강서구,개화동,  75 ,  42 ,  13 ,  1 ,  2 ,  - ,  8 ,  8 ,  1 
서울특별시,강서구,공항동,  389 ,  35 ,  28 ,  43 ,  53 ,  37 ,  45 ,  120 ,  28 
서울특별시,강서구,과해동,  3 ,  - ,  - ,  - ,  - ,  - ,  - ,  3 ,  - 
서울특별시,강서구,내발산동,  214 ,  16 ,  45 ,  21 ,  34 ,  29 ,  29 ,  40 ,  - 
서울특별시,강서구,등촌동,  520 ,  79 ,  60 ,  59 ,  126 ,  56 ,  38 ,  94 ,  8 
서울특별시,강서구,마곡동,  183 ,  108 ,  13 ,  32 ,  10 ,  6 ,  9 ,  4 ,  1 
서울특별시,강서구,방화동,  753 ,  62 ,  72 ,  60 ,  133 ,  119 ,  76 ,  198 ,  33 
서울특별시,강서구,염창동,  258 ,  24 ,  30 ,  29 ,  41 ,  26 ,  36 ,  72 ,  - 
서울특별시,강서구,오곡동,  46 ,  28 ,  7 ,  - ,  3 ,  2 ,  2 ,  3 ,  1 
서울특별시,강서구,오쇠동,  21 ,  4 ,  2 ,  7 ,  5 ,  2 ,  - ,  1 ,  - 
서울특별시,강서구,외발산동,  82 ,  28 ,  18 ,  22 ,  5 ,  5 ,  1 ,  3 ,  - 
서울특별시,강서구,화곡동,"  1,979 ",  146 ,  171 ,  161 ,  322 ,  388 ,  248 ,  536 ,  7 
서울특별시,관악구,남현동,  176 ,  19 ,  19 ,  27 ,  22 ,  41 ,  29 ,  18 ,  1 
서울특별시,관악구,봉천동,"  2,336 ",  294 ,  258 ,  383 ,  192 ,  276 ,  259 ,  661 ,  13 
서울특별시,관악구,신림동,"  3,463 ",  507 ,  418 ,  558 ,  417 ,  482 ,  403 ,  672 ,  6 
서울특별시,광진구,광장동,  188 ,  16 ,  17 ,  20 ,  29 ,  29 ,  22 ,  55 ,  - 
서울특별시,광진구,구의동,  643 ,  38 ,  42 ,  24 ,  87 ,  151 ,  86 ,  211 ,  4 
서울특별시,광진구,군자동,  275 ,  37 ,  24 ,  18 ,  19 ,  44 ,  32 ,  101 ,  - 
서울특별시,광진구,능동,  157 ,  28 ,  13 ,  8 ,  17 ,  18 ,  13 ,  51 ,  9 
서울특별시,광진구,자양동,  895 ,  33 ,  30 ,  34 ,  103 ,  185 ,  228 ,  279 ,  3 
서울특별시,광진구,중곡동,"  1,018 ",  67 ,  45 ,  40 ,  95 ,  253 ,  216 ,  301 ,  1 
서울특별시,광진구,화양동,  543 ,  87 ,  24 ,  20 ,  57 ,  87 ,  100 ,  166 ,  2 
서울특별시,구로구,가리봉동,  213 ,  16 ,  4 ,  4 ,  6 ,  26 ,  28 ,  129 ,  - 
서울특별시,구로구,개봉동,  626 ,  22 ,  35 ,  52 ,  94 ,  91 ,  83 ,  239 ,  10 
서울특별시,구로구,고척동,  515 ,  35 ,  34 ,  54 ,  55 ,  89 ,  68 ,  155 ,  25 
서울특별시,구로구,구로동,"  1,662 ",  144 ,  133 ,  91 ,  132 ,  232 ,  259 ,  486 ,  185 
서울특별시,구로구,궁동,  114 ,  8 ,  21 ,  8 ,  34 ,  18 ,  13 ,  11 ,  1 
서울특별시,구로구,신도림동,  319 ,  17 ,  18 ,  21 ,  24 ,  40 ,  40 ,  156 ,  3 
서울특별시,구로구,오류동,  440 ,  44 ,  40 ,  24 ,  55 ,  43 ,  58 ,  114 ,  62 
서울특별시,구로구,온수동,  81 ,  10 ,  8 ,  13 ,  11 ,  10 ,  9 ,  17 ,  3 
서울특별시,구로구,천왕동,  40 ,  21 ,  1 ,  17 ,  1 ,  - ,  - ,  - ,  - 
서울특별시,구로구,항동,  7 ,  1 ,  3 ,  - ,  - ,  1 ,  1 ,  1 ,  - 
서울특별시,금천구,가산동,  381 ,  69 ,  46 ,  28 ,  19 ,  34 ,  37 ,  147 ,  1 
서울특별시,금천구,독산동,"  1,053 ",  126 ,  72 ,  54 ,  80 ,  155 ,  152 ,  413 ,  1 
서울특별시,금천구,시흥동,  978 ,  72 ,  57 ,  70 ,  100 ,  120 ,  193 ,  349 ,  17 
서울특별시,노원구,공릉동,  605 ,  48 ,  78 ,  70 ,  79 ,  94 ,  80 ,  155 ,  1 
서울특별시,노원구,상계동,"  1,409 ",  72 ,  116 ,  183 ,  189 ,  323 ,  264 ,  260 ,  2 
서울특별시,노원구,월계동,  366 ,  25 ,  37 ,  49 ,  48 ,  59 ,  78 ,  65 ,  5 
서울특별시,노원구,중계동,  307 ,  29 ,  19 ,  51 ,  71 ,  65 ,  43 ,  25 ,  4 
서울특별시,노원구,하계동,  141 ,  12 ,  11 ,  35 ,  28 ,  26 ,  11 ,  15 ,  3 
서울특별시,도봉구,도봉동,  557 ,  64 ,  28 ,  43 ,  59 ,  87 ,  111 ,  160 ,  5 
서울특별시,도봉구,방학동,  613 ,  29 ,  43 ,  35 ,  87 ,  165 ,  150 ,  96 ,  8 
서울특별시,도봉구,쌍문동,  532 ,  50 ,  32 ,  49 ,  66 ,  123 ,  82 ,  129 ,  1 
서울특별시,도봉구,창동,  732 ,  67 ,  59 ,  66 ,  102 ,  186 ,  128 ,  122 ,  2 
서울특별시,동대문구,답십리동,  698 ,  38 ,  23 ,  44 ,  48 ,  138 ,  94 ,  309 ,  4 
서울특별시,동대문구,신설동,  322 ,  20 ,  14 ,  18 ,  13 ,  43 ,  47 ,  152 ,  15 
서울특별시,동대문구,용두동,  935 ,  58 ,  48 ,  62 ,  72 ,  98 ,  123 ,  424 ,  50 
서울특별시,동대문구,이문동,  556 ,  57 ,  40 ,  40 ,  48 ,  70 ,  62 ,  237 ,  2 
서울특별시,동대문구,장안동,"  1,090 ",  69 ,  55 ,  62 ,  42 ,  181 ,  306 ,  375 ,  - 
서울특별시,동대문구,전농동,  723 ,  29 ,  17 ,  37 ,  56 ,  86 ,  97 ,  380 ,  21 
서울특별시,동대문구,제기동,"  1,178 ",  56 ,  42 ,  43 ,  62 ,  123 ,  149 ,  619 ,  84 
서울특별시,동대문구,청량리동,  409 ,  15 ,  17 ,  10 ,  31 ,  40 ,  56 ,  190 ,  50 
서울특별시,동대문구,회기동,  299 ,  24 ,  10 ,  21 ,  48 ,  41 ,  41 ,  101 ,  13 
서울특별시,동대문구,휘경동,  402 ,  69 ,  21 ,  41 ,  24 ,  38 ,  53 ,  148 ,  8 
서울특별시,동작구,노량진동,  644 ,  25 ,  52 ,  70 ,  62 ,  82 ,  70 ,  255 ,  28 
서울특별시,동작구,대방동,  330 ,  50 ,  27 ,  30 ,  55 ,  41 ,  32 ,  82 ,  13 
서울특별시,동작구,동작동,  22 ,  4 ,  3 ,  3 ,  2 ,  - ,  4 ,  6 ,  - 
서울특별시,동작구,본동,  151 ,  5 ,  11 ,  7 ,  2 ,  10 ,  23 ,  53 ,  40 
서울특별시,동작구,사당동,  919 ,  77 ,  58 ,  70 ,  130 ,  169 ,  104 ,  307 ,  4 
서울특별시,동작구,상도1동,  208 ,  40 ,  35 ,  18 ,  13 ,  20 ,  21 ,  53 ,  8 
서울특별시,동작구,상도동,  833 ,  81 ,  86 ,  61 ,  122 ,  112 ,  87 ,  268 ,  16 
서울특별시,동작구,신대방동,  311 ,  19 ,  24 ,  19 ,  35 ,  56 ,  40 ,  106 ,  12 
서울특별시,동작구,흑석동,  408 ,  11 ,  14 ,  8 ,  46 ,  27 ,  29 ,  184 ,  89 
서울특별시,마포구,공덕동,  383 ,  20 ,  29 ,  26 ,  41 ,  31 ,  20 ,  141 ,  75 
서울특별시,마포구,구수동,  36 ,  3 ,  5 ,  2 ,  1 ,  7 ,  9 ,  9 ,  - 
서울특별시,마포구,노고산동,  304 ,  24 ,  17 ,  31 ,  35 ,  41 ,  37 ,  96 ,  23 
서울특별시,마포구,당인동,  12 ,  - ,  - ,  1 ,  1 ,  7 ,  - ,  3 ,  - 
서울특별시,마포구,대흥동,  309 ,  20 ,  14 ,  36 ,  32 ,  48 ,  32 ,  116 ,  11 
서울특별시,마포구,도화동,  253 ,  22 ,  23 ,  6 ,  22 ,  25 ,  31 ,  103 ,  21 
서울특별시,마포구,동교동,  510 ,  65 ,  49 ,  51 ,  57 ,  96 ,  58 ,  132 ,  2 
서울특별시,마포구,마포동,  74 ,  3 ,  2 ,  6 ,  2 ,  10 ,  8 ,  33 ,  10 
서울특별시,마포구,망원동,  471 ,  42 ,  32 ,  36 ,  49 ,  98 ,  64 ,  142 ,  8 
서울특별시,마포구,상수동,  270 ,  54 ,  32 ,  20 ,  19 ,  29 ,  12 ,  102 ,  2 
서울특별시,마포구,상암동,  229 ,  70 ,  35 ,  26 ,  31 ,  23 ,  6 ,  33 ,  5 
서울특별시,마포구,서교동,"  1,394 ",  189 ,  146 ,  124 ,  197 ,  272 ,  128 ,  326 ,  12 
서울특별시,마포구,성산동,  456 ,  52 ,  48 ,  56 ,  58 ,  91 ,  40 ,  109 ,  2 
서울특별시,마포구,신공덕동,  82 ,  11 ,  7 ,  12 ,  10 ,  10 ,  7 ,  21 ,  4 
서울특별시,마포구,신수동,  214 ,  18 ,  22 ,  24 ,  24 ,  24 ,  16 ,  74 ,  12 
서울특별시,마포구,신정동,  14 ,  2 ,  1 ,  3 ,  2 ,  - ,  1 ,  1 ,  4 
서울특별시,마포구,아현동,  295 ,  15 ,  7 ,  8 ,  15 ,  35 ,  29 ,  113 ,  73 
서울특별시,마포구,연남동,  405 ,  67 ,  19 ,  21 ,  31 ,  98 ,  37 ,  128 ,  4 
서울특별시,마포구,염리동,  186 ,  1 ,  4 ,  9 ,  26 ,  31 ,  26 ,  78 ,  11 
서울특별시,마포구,용강동,  152 ,  15 ,  10 ,  4 ,  13 ,  17 ,  24 ,  61 ,  8 
서울특별시,마포구,중동,  36 ,  - ,  2 ,  10 ,  3 ,  8 ,  3 ,  10 ,  - 
서울특별시,마포구,창전동,  169 ,  17 ,  17 ,  20 ,  17 ,  21 ,  16 ,  54 ,  7 
서울특별시,마포구,토정동,  12 ,  - ,  - ,  1 ,  4 ,  - ,  - ,  6 ,  1 
서울특별시,마포구,하중동,  5 ,  1 ,  - ,  1 ,  - ,  1 ,  - ,  2 ,  - 
서울특별시,마포구,합정동,  453 ,  42 ,  43 ,  38 ,  39 ,  84 ,  51 ,  149 ,  7 
서울특별시,마포구,현석동,  16 ,  2 ,  1 ,  1 ,  3 ,  4 ,  - ,  4 ,  1 
서울특별시,서대문구,남가좌동,  519 ,  44 ,  5 ,  19 ,  41 ,  45 ,  33 ,  283 ,  49 
서울특별시,서대문구,냉천동,  84 ,  2 ,  3 ,  2 ,  3 ,  2 ,  2 ,  59 ,  11 
서울특별시,서대문구,대신동,  47 ,  4 ,  6 ,  2 ,  8 ,  4 ,  10 ,  12 ,  1 
서울특별시,서대문구,대현동,  331 ,  15 ,  8 ,  13 ,  43 ,  28 ,  49 ,  153 ,  22 
서울특별시,서대문구,미근동,  57 ,  4 ,  4 ,  1 ,  2 ,  3 ,  4 ,  23 ,  16 
서울특별시,서대문구,봉원동,  7 ,  - ,  - ,  1 ,  3 ,  1 ,  1 ,  1 ,  - 
서울특별시,서대문구,북가좌동,  282 ,  27 ,  14 ,  12 ,  24 ,  36 ,  31 ,  136 ,  2 
서울특별시,서대문구,북아현동,  339 ,  6 ,  6 ,  7 ,  40 ,  45 ,  41 ,  165 ,  29 
서울특별시,서대문구,신촌동,  11 ,  1 ,  2 ,  - ,  - ,  - ,  1 ,  5 ,  2 
서울특별시,서대문구,연희동,  632 ,  52 ,  34 ,  44 ,  61 ,  65 ,  73 ,  277 ,  26 
서울특별시,서대문구,영천동,  101 ,  1 ,  - ,  1 ,  9 ,  - ,  3 ,  57 ,  30 
서울특별시,서대문구,옥천동,  20 ,  2 ,  - ,  - ,  5 ,  - ,  - ,  10 ,  3 
서울특별시,서대문구,창천동,  607 ,  35 ,  34 ,  30 ,  101 ,  145 ,  74 ,  166 ,  22 
서울특별시,서대문구,천연동,  38 ,  1 ,  4 ,  1 ,  5 ,  4 ,  1 ,  19 ,  3 
서울특별시,서대문구,충정로2가,  97 ,  1 ,  5 ,  2 ,  5 ,  10 ,  6 ,  54 ,  14 
서울특별시,서대문구,충정로3가,  129 ,  4 ,  4 ,  2 ,  9 ,  5 ,  18 ,  69 ,  18 
서울특별시,서대문구,합동,  13 ,  - ,  3 ,  2 ,  - ,  - ,  - ,  8 ,  - 
서울특별시,서대문구,현저동,  70 ,  1 ,  1 ,  2 ,  6 ,  5 ,  1 ,  13 ,  41 
서울특별시,서대문구,홍은동,  534 ,  27 ,  16 ,  31 ,  104 ,  40 ,  69 ,  203 ,  44 
서울특별시,서대문구,홍제동,  550 ,  7 ,  16 ,  30 ,  50 ,  73 ,  74 ,  274 ,  26 
서울특별시,서초구,내곡동,  71 ,  14 ,  6 ,  12 ,  6 ,  1 ,  9 ,  21 ,  2 
서울특별시,서초구,반포동,  520 ,  59 ,  44 ,  39 ,  52 ,  133 ,  56 ,  132 ,  5 
서울특별시,서초구,방배동,"  1,429 ",  90 ,  133 ,  110 ,  136 ,  306 ,  261 ,  388 ,  5 
서울특별시,서초구,서초동,"  1,858 ",  158 ,  250 ,  199 ,  213 ,  613 ,  274 ,  147 ,  4 
서울특별시,서초구,신원동,  75 ,  18 ,  2 ,  7 ,  2 ,  1 ,  5 ,  36 ,  4 
서울특별시,서초구,양재동,"  1,221 ",  64 ,  92 ,  102 ,  165 ,  682 ,  93 ,  19 ,  4 
서울특별시,서초구,염곡동,  38 ,  7 ,  3 ,  6 ,  - ,  1 ,  2 ,  19 ,  - 
서울특별시,서초구,우면동,  87 ,  40 ,  4 ,  3 ,  20 ,  7 ,  1 ,  11 ,  1 
서울특별시,서초구,원지동,  45 ,  4 ,  5 ,  4 ,  4 ,  - ,  - ,  27 ,  1 
서울특별시,서초구,잠원동,  347 ,  23 ,  45 ,  30 ,  39 ,  99 ,  39 ,  68 ,  4 
서울특별시,성동구,금호동1가,  94 ,  3 ,  8 ,  11 ,  9 ,  12 ,  9 ,  42 ,  - 
서울특별시,성동구,금호동2가,  81 ,  5 ,  2 ,  3 ,  8 ,  11 ,  13 ,  39 ,  - 
서울특별시,성동구,금호동3가,  171 ,  2 ,  1 ,  6 ,  15 ,  9 ,  24 ,  114 ,  - 
서울특별시,성동구,금호동4가,  141 ,  8 ,  3 ,  7 ,  15 ,  16 ,  27 ,  64 ,  1 
서울특별시,성동구,도선동,  179 ,  15 ,  6 ,  4 ,  26 ,  30 ,  22 ,  71 ,  5 
서울특별시,성동구,마장동,  524 ,  25 ,  22 ,  21 ,  57 ,  79 ,  123 ,  194 ,  3 
서울특별시,성동구,사근동,  42 ,  2 ,  1 ,  2 ,  5 ,  8 ,  8 ,  16 ,  - 
서울특별시,성동구,상왕십리동,  20 ,  4 ,  - ,  1 ,  - ,  1 ,  2 ,  10 ,  2 
서울특별시,성동구,성수동1가,  601 ,  43 ,  29 ,  37 ,  64 ,  93 ,  98 ,  234 ,  3 
서울특별시,성동구,성수동2가,  945 ,  78 ,  34 ,  46 ,  52 ,  99 ,  114 ,  520 ,  2 
서울특별시,성동구,송정동,  134 ,  6 ,  4 ,  9 ,  16 ,  15 ,  18 ,  66 ,  - 
서울특별시,성동구,옥수동,  101 ,  11 ,  3 ,  5 ,  11 ,  16 ,  29 ,  26 ,  - 
서울특별시,성동구,용답동,  297 ,  21 ,  6 ,  15 ,  44 ,  62 ,  36 ,  112 ,  1 
서울특별시,성동구,응봉동,  37 ,  - ,  - ,  6 ,  3 ,  5 ,  7 ,  16 ,  - 
서울특별시,성동구,하왕십리동,  195 ,  27 ,  6 ,  10 ,  27 ,  32 ,  32 ,  61 ,  - 
서울특별시,성동구,행당동,  436 ,  28 ,  32 ,  64 ,  50 ,  50 ,  57 ,  151 ,  4 
서울특별시,성동구,홍익동,  153 ,  3 ,  5 ,  11 ,  18 ,  36 ,  11 ,  69 ,  - 
서울특별시,성북구,길음동,  285 ,  9 ,  12 ,  10 ,  16 ,  31 ,  29 ,  147 ,  31 
서울특별시,성북구,돈암동,  81 ,  5 ,  10 ,  13 ,  12 ,  4 ,  6 ,  26 ,  5 
서울특별시,성북구,동선동1가,  216 ,  15 ,  9 ,  10 ,  18 ,  23 ,  35 ,  95 ,  11 
서울특별시,성북구,동선동2가,  111 ,  22 ,  11 ,  8 ,  12 ,  11 ,  4 ,  17 ,  26 
서울특별시,성북구,동선동3가,  87 ,  18 ,  15 ,  9 ,  9 ,  7 ,  9 ,  18 ,  2 
서울특별시,성북구,동선동4가,  99 ,  23 ,  6 ,  5 ,  5 ,  7 ,  7 ,  28 ,  18 
서울특별시,성북구,동선동5가,  49 ,  3 ,  11 ,  12 ,  5 ,  4 ,  4 ,  8 ,  2 
서울특별시,성북구,동소문동1가,  60 ,  1 ,  2 ,  3 ,  11 ,  8 ,  4 ,  12 ,  19 
서울특별시,성북구,동소문동2가,  92 ,  - ,  - ,  2 ,  10 ,  5 ,  4 ,  34 ,  37 
서울특별시,성북구,동소문동3가,  38 ,  1 ,  3 ,  3 ,  8 ,  3 ,  2 ,  6 ,  12 
서울특별시,성북구,동소문동4가,  61 ,  8 ,  6 ,  5 ,  12 ,  4 ,  4 ,  8 ,  14 
서울특별시,성북구,동소문동5가,  71 ,  1 ,  - ,  4 ,  1 ,  8 ,  8 ,  23 ,  26 
서울특별시,성북구,동소문동6가,  50 ,  8 ,  4 ,  6 ,  5 ,  8 ,  4 ,  10 ,  5 
서울특별시,성북구,동소문동7가,  39 ,  2 ,  - ,  7 ,  3 ,  1 ,  6 ,  14 ,  6 
서울특별시,성북구,보문동1가,  83 ,  3 ,  1 ,  5 ,  5 ,  8 ,  8 ,  31 ,  22 
서울특별시,성북구,보문동2가,  80 ,  9 ,  8 ,  12 ,  8 ,  7 ,  5 ,  27 ,  4 
서울특별시,성북구,보문동3가,  8 ,  2 ,  - ,  1 ,  - ,  - ,  1 ,  3 ,  1 
서울특별시,성북구,보문동4가,  39 ,  6 ,  1 ,  - ,  5 ,  7 ,  2 ,  16 ,  2 
서울특별시,성북구,보문동5가,  58 ,  9 ,  2 ,  6 ,  11 ,  10 ,  2 ,  14 ,  4 
서울특별시,성북구,보문동6가,  38 ,  8 ,  - ,  - ,  6 ,  8 ,  6 ,  7 ,  3 
서울특별시,성북구,보문동7가,  65 ,  6 ,  9 ,  - ,  9 ,  12 ,  9 ,  18 ,  2 
서울특별시,성북구,삼선동1가,  67 ,  6 ,  - ,  2 ,  5 ,  11 ,  12 ,  27 ,  4 
서울특별시,성북구,삼선동2가,  77 ,  8 ,  3 ,  4 ,  12 ,  16 ,  8 ,  17 ,  9 
서울특별시,성북구,삼선동3가,  25 ,  2 ,  2 ,  3 ,  2 ,  4 ,  1 ,  10 ,  1 
서울특별시,성북구,삼선동4가,  88 ,  24 ,  8 ,  6 ,  11 ,  9 ,  4 ,  16 ,  10 
서울특별시,성북구,삼선동5가,  90 ,  19 ,  7 ,  7 ,  7 ,  11 ,  10 ,  8 ,  21 
서울특별시,성북구,상월곡동,  117 ,  3 ,  5 ,  11 ,  10 ,  29 ,  24 ,  34 ,  1 
서울특별시,성북구,석관동,  387 ,  27 ,  18 ,  33 ,  56 ,  51 ,  34 ,  162 ,  6 
서울특별시,성북구,성북동,  245 ,  20 ,  10 ,  15 ,  20 ,  21 ,  15 ,  96 ,  48 
서울특별시,성북구,성북동1가,  61 ,  17 ,  6 ,  3 ,  5 ,  6 ,  6 ,  11 ,  7 
서울특별시,성북구,안암동1가,  50 ,  16 ,  5 ,  2 ,  5 ,  12 ,  3 ,  2 ,  5 
서울특별시,성북구,안암동2가,  60 ,  12 ,  16 ,  14 ,  3 ,  6 ,  1 ,  3 ,  5 
서울특별시,성북구,안암동3가,  39 ,  8 ,  6 ,  4 ,  6 ,  2 ,  3 ,  3 ,  7 
서울특별시,성북구,안암동4가,  40 ,  11 ,  3 ,  3 ,  5 ,  5 ,  9 ,  4 ,  - 
서울특별시,성북구,안암동5가,  249 ,  28 ,  29 ,  38 ,  38 ,  41 ,  26 ,  28 ,  21 
서울특별시,성북구,장위동,  770 ,  3 ,  17 ,  32 ,  67 ,  113 ,  167 ,  363 ,  8 
서울특별시,성북구,정릉동,  807 ,  69 ,  95 ,  42 ,  66 ,  80 ,  81 ,  341 ,  33 
서울특별시,성북구,종암동,  531 ,  44 ,  74 ,  55 ,  35 ,  35 ,  48 ,  233 ,  7 
서울특별시,성북구,하월곡동,  563 ,  43 ,  38 ,  40 ,  56 ,  80 ,  95 ,  175 ,  36 
서울특별시,송파구,가락동,  670 ,  36 ,  59 ,  70 ,  77 ,  287 ,  136 ,  4 ,  1 
서울특별시,송파구,거여동,  272 ,  12 ,  19 ,  23 ,  32 ,  90 ,  58 ,  38 ,  - 
서울특별시,송파구,마천동,  351 ,  9 ,  8 ,  22 ,  48 ,  76 ,  70 ,  118 ,  - 
서울특별시,송파구,문정동,  419 ,  47 ,  42 ,  25 ,  53 ,  182 ,  68 ,  - ,  2 
서울특별시,송파구,방이동,  681 ,  48 ,  54 ,  70 ,  81 ,  218 ,  166 ,  38 ,  6 
서울특별시,송파구,삼전동,  242 ,  21 ,  22 ,  9 ,  33 ,  70 ,  44 ,  43 ,  - 
서울특별시,송파구,석촌동,  402 ,  23 ,  29 ,  21 ,  39 ,  109 ,  121 ,  58 ,  2 
서울특별시,송파구,송파동,  395 ,  16 ,  33 ,  15 ,  36 ,  108 ,  140 ,  46 ,  1 
서울특별시,송파구,신천동,  45 ,  13 ,  5 ,  - ,  8 ,  3 ,  3 ,  12 ,  1 
서울특별시,송파구,오금동,  374 ,  19 ,  27 ,  35 ,  46 ,  181 ,  61 ,  5 ,  - 
서울특별시,송파구,잠실동,  526 ,  25 ,  45 ,  44 ,  70 ,  116 ,  102 ,  122 ,  2 
서울특별시,송파구,장지동,  90 ,  46 ,  19 ,  7 ,  6 ,  5 ,  2 ,  1 ,  4 
서울특별시,송파구,풍납동,  273 ,  9 ,  9 ,  28 ,  46 ,  60 ,  52 ,  69 ,  - 
서울특별시,양천구,목동,  789 ,  64 ,  66 ,  65 ,  114 ,  156 ,  103 ,  209 ,  12 
서울특별시,양천구,신월동,"  1,153 ",  57 ,  52 ,  58 ,  120 ,  297 ,  293 ,  268 ,  8 
서울특별시,양천구,신정동,"  1,104 ",  74 ,  92 ,  157 ,  175 ,  244 ,  119 ,  235 ,  8 
서울특별시,영등포구,당산동,  108 ,  31 ,  8 ,  10 ,  9 ,  3 ,  2 ,  38 ,  7 
서울특별시,영등포구,당산동1가,  300 ,  20 ,  4 ,  3 ,  31 ,  41 ,  37 ,  103 ,  61 
서울특별시,영등포구,당산동2가,  108 ,  7 ,  8 ,  3 ,  13 ,  31 ,  11 ,  31 ,  4 
서울특별시,영등포구,당산동3가,  275 ,  25 ,  15 ,  14 ,  25 ,  58 ,  29 ,  85 ,  24 
서울특별시,영등포구,당산동4가,  136 ,  30 ,  9 ,  14 ,  12 ,  27 ,  27 ,  14 ,  3 
서울특별시,영등포구,당산동5가,  50 ,  10 ,  1 ,  4 ,  4 ,  4 ,  5 ,  20 ,  2 
서울특별시,영등포구,당산동6가,  146 ,  17 ,  10 ,  13 ,  19 ,  33 ,  14 ,  37 ,  3 
서울특별시,영등포구,대림동,  948 ,  45 ,  40 ,  28 ,  74 ,  155 ,  302 ,  301 ,  3 
서울특별시,영등포구,도림동,  261 ,  25 ,  36 ,  24 ,  22 ,  40 ,  40 ,  51 ,  23 
서울특별시,영등포구,문래동1가,  145 ,  1 ,  3 ,  2 ,  9 ,  3 ,  14 ,  79 ,  34 
서울특별시,영등포구,문래동2가,  235 ,  1 ,  2 ,  1 ,  5 ,  4 ,  21 ,  140 ,  61 
서울특별시,영등포구,문래동3가,  345 ,  17 ,  12 ,  10 ,  5 ,  3 ,  49 ,  222 ,  27 
서울특별시,영등포구,문래동4가,  477 ,  1 ,  4 ,  5 ,  2 ,  3 ,  18 ,  132 ,  312 
서울특별시,영등포구,문래동5가,  36 ,  8 ,  3 ,  3 ,  1 ,  5 ,  6 ,  10 ,  - 
서울특별시,영등포구,문래동6가,  44 ,  4 ,  14 ,  2 ,  3 ,  1 ,  6 ,  2 ,  12 
서울특별시,영등포구,신길동,"  1,173 ",  60 ,  62 ,  66 ,  126 ,  161 ,  152 ,  498 ,  48 
서울특별시,영등포구,양평동,  4 ,  - ,  1 ,  - ,  - ,  - ,  - ,  - ,  3 
서울특별시,영등포구,양평동1가,  253 ,  7 ,  8 ,  3 ,  12 ,  30 ,  28 ,  122 ,  43 
서울특별시,영등포구,양평동2가,  95 ,  12 ,  11 ,  7 ,  7 ,  8 ,  19 ,  29 ,  2 
서울특별시,영등포구,양평동3가,  109 ,  29 ,  15 ,  8 ,  5 ,  16 ,  18 ,  10 ,  8 
서울특별시,영등포구,양평동4가,  213 ,  31 ,  16 ,  11 ,  13 ,  35 ,  20 ,  82 ,  5 
서울특별시,영등포구,양평동5가,  86 ,  22 ,  5 ,  3 ,  8 ,  13 ,  4 ,  31 ,  - 
서울특별시,영등포구,양평동6가,  42 ,  5 ,  3 ,  3 ,  3 ,  5 ,  3 ,  20 ,  - 
서울특별시,영등포구,양화동,  31 ,  17 ,  - ,  1 ,  1 ,  8 ,  - ,  4 ,  - 
서울특별시,영등포구,여의도동,  253 ,  25 ,  14 ,  27 ,  29 ,  31 ,  46 ,  77 ,  4 
서울특별시,영등포구,영등포동,  225 ,  16 ,  15 ,  22 ,  22 ,  21 ,  21 ,  71 ,  37 
서울특별시,영등포구,영등포동1가,  82 ,  18 ,  15 ,  7 ,  2 ,  - ,  3 ,  27 ,  10 
서울특별시,영등포구,영등포동2가,  382 ,  22 ,  7 ,  8 ,  12 ,  17 ,  28 ,  200 ,  88 
서울특별시,영등포구,영등포동3가,  300 ,  19 ,  11 ,  13 ,  7 ,  7 ,  23 ,  139 ,  81 
서울특별시,영등포구,영등포동4가,  192 ,  9 ,  5 ,  2 ,  11 ,  5 ,  14 ,  87 ,  59 
서울특별시,영등포구,영등포동5가,  274 ,  2 ,  1 ,  10 ,  11 ,  9 ,  17 ,  145 ,  79 
서울특별시,영등포구,영등포동6가,  196 ,  10 ,  2 ,  4 ,  14 ,  13 ,  8 ,  70 ,  75 
서울특별시,영등포구,영등포동7가,  179 ,  19 ,  8 ,  14 ,  11 ,  33 ,  14 ,  60 ,  20 
서울특별시,영등포구,영등포동8가,  102 ,  16 ,  10 ,  6 ,  7 ,  9 ,  13 ,  19 ,  22 
서울특별시,용산구,갈월동,  169 ,  2 ,  13 ,  1 ,  2 ,  17 ,  7 ,  123 ,  4 
서울특별시,용산구,남영동,  169 ,  - ,  21 ,  1 ,  5 ,  4 ,  10 ,  117 ,  11 
서울특별시,용산구,도원동,  16 ,  - ,  1 ,  3 ,  1 ,  2 ,  3 ,  5 ,  1 
서울특별시,용산구,동빙고동,  69 ,  8 ,  1 ,  2 ,  14 ,  5 ,  7 ,  27 ,  5 
서울특별시,용산구,동자동,  169 ,  7 ,  3 ,  7 ,  4 ,  9 ,  14 ,  121 ,  4 
서울특별시,용산구,문배동,  27 ,  3 ,  2 ,  - ,  - ,  1 ,  - ,  19 ,  2 
서울특별시,용산구,보광동,  166 ,  - ,  2 ,  16 ,  29 ,  18 ,  16 ,  81 ,  4 
서울특별시,용산구,산천동,  17 ,  1 ,  - ,  6 ,  4 ,  - ,  2 ,  2 ,  2 
서울특별시,용산구,서계동,  248 ,  4 ,  52 ,  11 ,  19 ,  17 ,  9 ,  115 ,  21 
서울특별시,용산구,서빙고동,  28 ,  1 ,  1 ,  1 ,  2 ,  9 ,  3 ,  8 ,  3 
서울특별시,용산구,신계동,  146 ,  4 ,  9 ,  3 ,  8 ,  13 ,  7 ,  82 ,  20 
서울특별시,용산구,신창동,  33 ,  1 ,  5 ,  1 ,  13 ,  2 ,  - ,  10 ,  1 
서울특별시,용산구,용문동,  169 ,  2 ,  7 ,  7 ,  10 ,  4 ,  9 ,  111 ,  19 
서울특별시,용산구,용산동1가,  4 ,  2 ,  - ,  2 ,  - ,  - ,  - ,  - ,  - 
서울특별시,용산구,용산동2가,  148 ,  2 ,  12 ,  4 ,  12 ,  10 ,  28 ,  79 ,  1 
서울특별시,용산구,용산동3가,  32 ,  2 ,  12 ,  1 ,  - ,  1 ,  2 ,  14 ,  - 
서울특별시,용산구,용산동4가,  2 ,  - ,  - ,  - ,  - ,  - ,  2 ,  - ,  - 
서울특별시,용산구,용산동5가,  10 ,  1 ,  - ,  - ,  1 ,  1 ,  - ,  5 ,  2 
서울특별시,용산구,용산동6가,  12 ,  2 ,  - ,  2 ,  - ,  3 ,  4 ,  1 ,  - 
서울특별시,용산구,원효로1가,  198 ,  3 ,  14 ,  7 ,  14 ,  16 ,  13 ,  129 ,  2 
서울특별시,용산구,원효로2가,  236 ,  8 ,  6 ,  13 ,  8 ,  42 ,  10 ,  132 ,  17 
서울특별시,용산구,원효로3가,  118 ,  5 ,  1 ,  10 ,  21 ,  13 ,  9 ,  56 ,  3 
서울특별시,용산구,원효로4가,  70 ,  1 ,  2 ,  4 ,  2 ,  11 ,  11 ,  37 ,  2 
서울특별시,용산구,이촌동,  136 ,  7 ,  4 ,  2 ,  6 ,  3 ,  4 ,  107 ,  3 
서울특별시,용산구,이태원동,  711 ,  59 ,  20 ,  29 ,  69 ,  82 ,  99 ,  347 ,  6 
서울특별시,용산구,주성동,  3 ,  - ,  - ,  1 ,  - ,  - ,  - ,  2 ,  - 
서울특별시,용산구,청암동,  6 ,  - ,  1 ,  - ,  2 ,  - ,  1 ,  2 ,  - 
서울특별시,용산구,청파동1가,  126 ,  1 ,  46 ,  1 ,  9 ,  2 ,  4 ,  58 ,  5 
서울특별시,용산구,청파동2가,  130 ,  3 ,  25 ,  5 ,  8 ,  13 ,  8 ,  65 ,  3 
서울특별시,용산구,청파동3가,  136 ,  - ,  7 ,  17 ,  9 ,  12 ,  13 ,  75 ,  3 
서울특별시,용산구,한강로1가,  167 ,  1 ,  18 ,  2 ,  1 ,  5 ,  24 ,  109 ,  7 
서울특별시,용산구,한강로2가,  298 ,  10 ,  55 ,  2 ,  6 ,  18 ,  33 ,  158 ,  16 
서울특별시,용산구,한강로3가,  267 ,  3 ,  14 ,  8 ,  13 ,  27 ,  29 ,  163 ,  10 
서울특별시,용산구,한남동,  611 ,  74 ,  36 ,  27 ,  41 ,  72 ,  81 ,  277 ,  3 
서울특별시,용산구,효창동,  106 ,  7 ,  9 ,  6 ,  11 ,  18 ,  13 ,  40 ,  2 
서울특별시,용산구,후암동,  282 ,  12 ,  17 ,  10 ,  23 ,  25 ,  30 ,  141 ,  24 
서울특별시,은평구,갈현동,  618 ,  33 ,  44 ,  54 ,  59 ,  123 ,  73 ,  229 ,  3 
서울특별시,은평구,구산동,  153 ,  9 ,  16 ,  5 ,  16 ,  40 ,  24 ,  42 ,  1 
서울특별시,은평구,녹번동,  313 ,  21 ,  23 ,  22 ,  28 ,  72 ,  43 ,  97 ,  7 
서울특별시,은평구,대조동,  499 ,  38 ,  26 ,  31 ,  43 ,  63 ,  45 ,  239 ,  14 
서울특별시,은평구,불광동,  687 ,  52 ,  37 ,  29 ,  31 ,  68 ,  70 ,  279 ,  121 
서울특별시,은평구,수색동,  218 ,  1 ,  7 ,  17 ,  20 ,  21 ,  30 ,  104 ,  18 
서울특별시,은평구,신사동,  316 ,  33 ,  23 ,  19 ,  32 ,  61 ,  38 ,  110 ,  - 
서울특별시,은평구,역촌동,  386 ,  44 ,  27 ,  23 ,  37 ,  78 ,  50 ,  125 ,  2 
서울특별시,은평구,응암동,  809 ,  78 ,  50 ,  72 ,  63 ,  133 ,  118 ,  284 ,  11 
서울특별시,은평구,증산동,  187 ,  3 ,  19 ,  15 ,  22 ,  32 ,  18 ,  76 ,  2 
서울특별시,은평구,진관동,  176 ,  122 ,  19 ,  13 ,  3 ,  3 ,  1 ,  9 ,  6 
서울특별시,종로구,가회동,  81 ,  6 ,  7 ,  9 ,  4 ,  1 ,  1 ,  18 ,  35 
서울특별시,종로구,견지동,  59 ,  4 ,  8 ,  1 ,  - ,  1 ,  1 ,  14 ,  30 
서울특별시,종로구,경운동,  42 ,  3 ,  3 ,  2 ,  1 ,  2 ,  1 ,  9 ,  21 
서울특별시,종로구,계동,  83 ,  3 ,  - ,  1 ,  14 ,  7 ,  4 ,  21 ,  33 
서울특별시,종로구,공평동,  17 ,  1 ,  - ,  - ,  - ,  - ,  2 ,  3 ,  11 
서울특별시,종로구,관수동,  144 ,  8 ,  5 ,  2 ,  6 ,  - ,  2 ,  39 ,  82 
서울특별시,종로구,관철동,  187 ,  6 ,  5 ,  1 ,  8 ,  4 ,  13 ,  100 ,  50 
서울특별시,종로구,관훈동,  178 ,  9 ,  7 ,  6 ,  4 ,  5 ,  9 ,  61 ,  77 
서울특별시,종로구,교남동,  28 ,  - ,  - ,  1 ,  - ,  1 ,  2 ,  16 ,  8 
서울특별시,종로구,교북동,  8 ,  1 ,  - ,  - ,  1 ,  - ,  - ,  4 ,  2 
서울특별시,종로구,구기동,  82 ,  8 ,  7 ,  5 ,  8 ,  10 ,  14 ,  26 ,  4 
서울특별시,종로구,궁정동,  16 ,  - ,  - ,  - ,  - ,  5 ,  - ,  4 ,  7 
서울특별시,종로구,권농동,  61 ,  5 ,  5 ,  5 ,  7 ,  1 ,  3 ,  6 ,  29 
서울특별시,종로구,낙원동,  183 ,  11 ,  6 ,  13 ,  3 ,  8 ,  13 ,  66 ,  63 
서울특별시,종로구,내수동,  23 ,  1 ,  5 ,  1 ,  1 ,  - ,  1 ,  9 ,  5 
서울특별시,종로구,내자동,  89 ,  2 ,  3 ,  4 ,  1 ,  1 ,  7 ,  5 ,  66 
서울특별시,종로구,누상동,  11 ,  3 ,  - ,  - ,  - ,  - ,  - ,  1 ,  7 
서울특별시,종로구,누하동,  64 ,  8 ,  5 ,  4 ,  3 ,  1 ,  2 ,  20 ,  21 
서울특별시,종로구,당주동,  55 ,  1 ,  - ,  2 ,  - ,  1 ,  3 ,  24 ,  24 
서울특별시,종로구,도렴동,  14 ,  1 ,  - ,  - ,  - ,  1 ,  1 ,  7 ,  4 
서울특별시,종로구,돈의동,  102 ,  6 ,  2 ,  3 ,  7 ,  3 ,  3 ,  20 ,  58 
서울특별시,종로구,동숭동,  158 ,  12 ,  8 ,  17 ,  26 ,  25 ,  17 ,  39 ,  14 
서울특별시,종로구,명륜1가,  79 ,  12 ,  3 ,  4 ,  16 ,  9 ,  5 ,  18 ,  12 
서울특별시,종로구,명륜2가,  153 ,  2 ,  6 ,  5 ,  18 ,  18 ,  14 ,  44 ,  46 
서울특별시,종로구,명륜3가,  92 ,  5 ,  5 ,  9 ,  17 ,  14 ,  12 ,  16 ,  14 
서울특별시,종로구,명륜4가,  155 ,  6 ,  6 ,  9 ,  25 ,  7 ,  9 ,  32 ,  61 
서울특별시,종로구,묘동,  110 ,  10 ,  5 ,  - ,  2 ,  2 ,  8 ,  29 ,  54 
서울특별시,종로구,무악동,  32 ,  1 ,  5 ,  1 ,  - ,  3 ,  3 ,  11 ,  8 
서울특별시,종로구,봉익동,  123 ,  10 ,  9 ,  3 ,  7 ,  8 ,  6 ,  14 ,  66 
서울특별시,종로구,부암동,  110 ,  12 ,  9 ,  8 ,  11 ,  6 ,  17 ,  34 ,  13 
서울특별시,종로구,사간동,  30 ,  2 ,  1 ,  2 ,  3 ,  2 ,  - ,  14 ,  6 
서울특별시,종로구,사직동,  49 ,  - ,  3 ,  1 ,  1 ,  1 ,  2 ,  25 ,  16 
서울특별시,종로구,삼청동,  146 ,  30 ,  7 ,  4 ,  3 ,  6 ,  1 ,  50 ,  45 
서울특별시,종로구,서린동,  27 ,  - ,  - ,  2 ,  2 ,  2 ,  3 ,  9 ,  9 
서울특별시,종로구,세종로,  84 ,  1 ,  - ,  2 ,  3 ,  6 ,  1 ,  45 ,  26 
서울특별시,종로구,소격동,  57 ,  7 ,  5 ,  1 ,  1 ,  1 ,  2 ,  14 ,  26 
서울특별시,종로구,송월동,  1 ,  - ,  - ,  - ,  - ,  - ,  - ,  - ,  1 
서울특별시,종로구,송현동,  13 ,  - ,  - ,  - ,  1 ,  - ,  - ,  1 ,  11 
서울특별시,종로구,수송동,  49 ,  3 ,  4 ,  4 ,  1 ,  2 ,  4 ,  16 ,  15 
서울특별시,종로구,숭인동,  533 ,  21 ,  13 ,  27 ,  40 ,  65 ,  52 ,  242 ,  73 
서울특별시,종로구,신교동,  14 ,  2 ,  1 ,  2 ,  2 ,  1 ,  1 ,  2 ,  3 
서울특별시,종로구,신문로1가,  33 ,  - ,  2 ,  2 ,  2 ,  2 ,  1 ,  16 ,  8 
서울특별시,종로구,신문로2가,  86 ,  5 ,  3 ,  4 ,  10 ,  9 ,  5 ,  23 ,  27 
서울특별시,종로구,신영동,  62 ,  4 ,  2 ,  1 ,  5 ,  7 ,  6 ,  31 ,  6 
서울특별시,종로구,안국동,  52 ,  2 ,  - ,  - ,  11 ,  1 ,  2 ,  11 ,  25 
서울특별시,종로구,연건동,  79 ,  2 ,  3 ,  3 ,  20 ,  10 ,  6 ,  13 ,  22 
서울특별시,종로구,연지동,  138 ,  8 ,  7 ,  14 ,  23 ,  23 ,  6 ,  32 ,  25 
서울특별시,종로구,예지동,  247 ,  - ,  1 ,  1 ,  3 ,  20 ,  3 ,  89 ,  130 
서울특별시,종로구,옥인동,  60 ,  7 ,  - ,  4 ,  3 ,  1 ,  3 ,  16 ,  26 
서울특별시,종로구,와룡동,  70 ,  10 ,  5 ,  4 ,  2 ,  1 ,  4 ,  21 ,  23 
서울특별시,종로구,운니동,  46 ,  3 ,  2 ,  3 ,  2 ,  4 ,  2 ,  12 ,  18 
서울특별시,종로구,원남동,  123 ,  8 ,  4 ,  12 ,  5 ,  15 ,  14 ,  19 ,  46 
서울특별시,종로구,원서동,  44 ,  3 ,  1 ,  1 ,  8 ,  6 ,  - ,  9 ,  16 
서울특별시,종로구,이화동,  103 ,  7 ,  3 ,  7 ,  13 ,  21 ,  9 ,  27 ,  16 
서울특별시,종로구,익선동,  138 ,  15 ,  5 ,  9 ,  2 ,  2 ,  1 ,  11 ,  93 
서울특별시,종로구,인사동,  171 ,  5 ,  - ,  2 ,  - ,  1 ,  1 ,  67 ,  95 
서울특별시,종로구,인의동,  82 ,  3 ,  2 ,  7 ,  - ,  2 ,  5 ,  32 ,  31 
서울특별시,종로구,장사동,  174 ,  - ,  2 ,  - ,  - ,  - ,  1 ,  67 ,  104 
서울특별시,종로구,재동,  72 ,  3 ,  2 ,  1 ,  2 ,  3 ,  4 ,  19 ,  38 
서울특별시,종로구,적선동,  41 ,  1 ,  4 ,  2 ,  1 ,  2 ,  2 ,  2 ,  27 
서울특별시,종로구,종로1가,  12 ,  - ,  1 ,  - ,  - ,  - ,  2 ,  2 ,  7 
서울특별시,종로구,종로2가,  70 ,  - ,  - ,  3 ,  1 ,  - ,  1 ,  34 ,  31 
서울특별시,종로구,종로3가,  112 ,  1 ,  - ,  - ,  - ,  5 ,  5 ,  41 ,  60 
서울특별시,종로구,종로4가,  105 ,  - ,  - ,  - ,  2 ,  2 ,  4 ,  34 ,  63 
서울특별시,종로구,종로5가,  446 ,  1 ,  1 ,  4 ,  14 ,  4 ,  37 ,  233 ,  152 
서울특별시,종로구,종로6가,  184 ,  9 ,  6 ,  8 ,  9 ,  17 ,  18 ,  63 ,  54 
서울특별시,종로구,중학동,  20 ,  4 ,  - ,  - ,  - ,  - ,  2 ,  5 ,  9 
서울특별시,종로구,창성동,  41 ,  7 ,  2 ,  - ,  - ,  2 ,  - ,  18 ,  12 
서울특별시,종로구,창신동,  809 ,  13 ,  7 ,  20 ,  47 ,  59 ,  65 ,  434 ,  164 
서울특별시,종로구,청운동,  41 ,  7 ,  2 ,  3 ,  3 ,  7 ,  4 ,  9 ,  6 
서울특별시,종로구,청진동,  75 ,  6 ,  - ,  1 ,  - ,  1 ,  - ,  21 ,  46 
서울특별시,종로구,체부동,  70 ,  2 ,  - ,  1 ,  6 ,  5 ,  2 ,  14 ,  40 
서울특별시,종로구,충신동,  176 ,  12 ,  16 ,  4 ,  22 ,  34 ,  20 ,  26 ,  42 
서울특별시,종로구,통의동,  96 ,  9 ,  4 ,  4 ,  1 ,  3 ,  1 ,  19 ,  55 
서울특별시,종로구,통인동,  98 ,  12 ,  1 ,  5 ,  4 ,  6 ,  4 ,  27 ,  39 
서울특별시,종로구,팔판동,  67 ,  2 ,  9 ,  2 ,  2 ,  2 ,  1 ,  36 ,  13 
서울특별시,종로구,평동,  3 ,  - ,  - ,  - ,  - ,  - ,  - ,  3 ,  - 
서울특별시,종로구,평창동,  165 ,  6 ,  16 ,  18 ,  21 ,  27 ,  21 ,  46 ,  10 
서울특별시,종로구,필운동,  73 ,  2 ,  5 ,  3 ,  5 ,  1 ,  3 ,  10 ,  44 
서울특별시,종로구,행촌동,  19 ,  1 ,  1 ,  2 ,  2 ,  3 ,  2 ,  6 ,  2 
서울특별시,종로구,혜화동,  100 ,  8 ,  3 ,  4 ,  12 ,  9 ,  12 ,  32 ,  20 
서울특별시,종로구,홍지동,  66 ,  5 ,  4 ,  6 ,  7 ,  4 ,  11 ,  26 ,  3 
서울특별시,종로구,홍파동,  1 ,  - ,  - ,  - ,  - ,  - ,  - ,  1 ,  - 
서울특별시,종로구,화동,  41 ,  3 ,  - ,  2 ,  1 ,  4 ,  1 ,  12 ,  18 
서울특별시,종로구,효자동,  31 ,  9 ,  1 ,  1 ,  - ,  1 ,  - ,  5 ,  14 
서울특별시,종로구,효제동,  199 ,  4 ,  6 ,  7 ,  26 ,  12 ,  8 ,  63 ,  73 
서울특별시,종로구,훈정동,  2 ,  - ,  - ,  - ,  - ,  1 ,  - ,  - ,  1 
서울특별시,중구,광희동1가,  178 ,  - ,  - ,  9 ,  14 ,  8 ,  14 ,  93 ,  40 
서울특별시,중구,광희동2가,  87 ,  5 ,  5 ,  5 ,  10 ,  - ,  6 ,  27 ,  29 
서울특별시,중구,남대문로1가,  21 ,  - ,  - ,  - ,  - ,  - ,  - ,  11 ,  10 
서울특별시,중구,남대문로2가,  14 ,  - ,  - ,  - ,  - ,  - ,  1 ,  7 ,  6 
서울특별시,중구,남대문로3가,  35 ,  - ,  - ,  - ,  - ,  1 ,  - ,  18 ,  16 
서울특별시,중구,남대문로4가,  78 ,  2 ,  - ,  - ,  1 ,  - ,  1 ,  63 ,  11 
서울특별시,중구,남대문로5가,  150 ,  5 ,  2 ,  3 ,  5 ,  5 ,  7 ,  82 ,  41 
서울특별시,중구,남산동1가,  33 ,  - ,  2 ,  4 ,  3 ,  3 ,  1 ,  10 ,  10 
서울특별시,중구,남산동2가,  86 ,  8 ,  1 ,  5 ,  3 ,  4 ,  12 ,  37 ,  16 
서울특별시,중구,남산동3가,  29 ,  3 ,  - ,  - ,  2 ,  1 ,  2 ,  13 ,  8 
서울특별시,중구,남창동,  574 ,  9 ,  - ,  3 ,  8 ,  5 ,  9 ,  367 ,  173 
서울특별시,중구,남학동,  11 ,  - ,  - ,  1 ,  2 ,  1 ,  - ,  4 ,  3 
서울특별시,중구,다동,  68 ,  6 ,  2 ,  1 ,  4 ,  - ,  6 ,  31 ,  18 
서울특별시,중구,만리동1가,  56 ,  2 ,  2 ,  - ,  7 ,  1 ,  - ,  28 ,  16 
서울특별시,중구,만리동2가,  17 ,  - ,  4 ,  2 ,  - ,  1 ,  - ,  10 ,  - 
서울특별시,중구,명동1가,  83 ,  2 ,  1 ,  3 ,  1 ,  - ,  - ,  44 ,  32 
서울특별시,중구,명동2가,  242 ,  7 ,  2 ,  - ,  - ,  1 ,  1 ,  180 ,  51 
서울특별시,중구,무교동,  29 ,  - ,  - ,  2 ,  - ,  1 ,  3 ,  19 ,  4 
서울특별시,중구,무학동,  44 ,  2 ,  2 ,  1 ,  1 ,  7 ,  7 ,  22 ,  2 
서울특별시,중구,묵정동,  96 ,  1 ,  3 ,  3 ,  3 ,  15 ,  9 ,  41 ,  21 
서울특별시,중구,방산동,  107 ,  2 ,  - ,  - ,  - ,  - ,  1 ,  54 ,  50 
서울특별시,중구,봉래동1가,  32 ,  1 ,  - ,  1 ,  1 ,  1 ,  3 ,  19 ,  6 
서울특별시,중구,봉래동2가,  21 ,  - ,  1 ,  - ,  - ,  - ,  2 ,  11 ,  7 
서울특별시,중구,북창동,  120 ,  9 ,  - ,  - ,  1 ,  - ,  - ,  76 ,  34 
서울특별시,중구,산림동,  108 ,  - ,  1 ,  - ,  2 ,  1 ,  - ,  74 ,  30 
서울특별시,중구,삼각동,  11 ,  1 ,  - ,  1 ,  - ,  - ,  - ,  5 ,  4 
서울특별시,중구,서소문동,  88 ,  5 ,  1 ,  3 ,  3 ,  1 ,  5 ,  40 ,  30 
서울특별시,중구,소공동,  56 ,  3 ,  - ,  - ,  2 ,  1 ,  2 ,  32 ,  16 
서울특별시,중구,수표동,  48 ,  1 ,  - ,  - ,  - ,  1 ,  3 ,  31 ,  12 
서울특별시,중구,수하동,  5 ,  2 ,  - ,  - ,  - ,  - ,  - ,  3 ,  - 
서울특별시,중구,순화동,  32 ,  2 ,  3 ,  2 ,  - ,  1 ,  2 ,  15 ,  7 
서울특별시,중구,신당동,"  1,484 ",  89 ,  68 ,  99 ,  167 ,  285 ,  172 ,  528 ,  76 
서울특별시,중구,쌍림동,  143 ,  5 ,  4 ,  6 ,  6 ,  6 ,  8 ,  72 ,  36 
서울특별시,중구,예관동,  96 ,  3 ,  - ,  1 ,  - ,  3 ,  5 ,  50 ,  34 
서울특별시,중구,예장동,  56 ,  6 ,  2 ,  5 ,  8 ,  1 ,  1 ,  26 ,  7 
서울특별시,중구,오장동,  281 ,  6 ,  1 ,  3 ,  6 ,  6 ,  8 ,  235 ,  16 
서울특별시,중구,을지로1가,  31 ,  1 ,  - ,  - ,  - ,  1 ,  2 ,  15 ,  12 
서울특별시,중구,을지로2가,  104 ,  5 ,  2 ,  1 ,  1 ,  2 ,  4 ,  60 ,  29 
서울특별시,중구,을지로3가,  324 ,  - ,  - ,  4 ,  4 ,  4 ,  8 ,  212 ,  92 
서울특별시,중구,을지로4가,  178 ,  3 ,  6 ,  3 ,  7 ,  - ,  7 ,  101 ,  51 
서울특별시,중구,을지로5가,  124 ,  5 ,  5 ,  5 ,  2 ,  3 ,  8 ,  70 ,  26 
서울특별시,중구,을지로6가,  115 ,  - ,  6 ,  8 ,  3 ,  6 ,  1 ,  77 ,  14 
서울특별시,중구,을지로7가,  55 ,  2 ,  3 ,  2 ,  3 ,  - ,  - ,  23 ,  22 
서울특별시,중구,의주로1가,  9 ,  1 ,  1 ,  1 ,  - ,  - ,  - ,  2 ,  4 
서울특별시,중구,의주로2가,  44 ,  - ,  - ,  - ,  1 ,  1 ,  - ,  34 ,  8 
서울특별시,중구,인현동1가,  188 ,  - ,  1 ,  2 ,  2 ,  3 ,  2 ,  88 ,  90 
서울특별시,중구,인현동2가,  166 ,  1 ,  - ,  4 ,  2 ,  2 ,  6 ,  68 ,  83 
서울특별시,중구,입정동,  156 ,  1 ,  - ,  - ,  3 ,  - ,  1 ,  70 ,  81 
서울특별시,중구,장교동,  5 ,  1 ,  - ,  - ,  - ,  - ,  1 ,  2 ,  1 
서울특별시,중구,장충동1가,  111 ,  7 ,  5 ,  5 ,  5 ,  13 ,  16 ,  46 ,  14 
서울특별시,중구,장충동2가,  177 ,  10 ,  6 ,  9 ,  18 ,  16 ,  13 ,  82 ,  23 
서울특별시,중구,저동1가,  23 ,  1 ,  1 ,  - ,  - ,  1 ,  - ,  15 ,  5 
서울특별시,중구,저동2가,  109 ,  3 ,  1 ,  1 ,  4 ,  2 ,  3 ,  70 ,  25 
서울특별시,중구,정동,  50 ,  2 ,  4 ,  2 ,  1 ,  2 ,  3 ,  23 ,  13 
서울특별시,중구,주교동,  252 ,  1 ,  1 ,  10 ,  17 ,  6 ,  6 ,  141 ,  70 
서울특별시,중구,주자동,  14 ,  - ,  - ,  2 ,  - ,  3 ,  - ,  8 ,  1 
서울특별시,중구,중림동,  178 ,  8 ,  3 ,  9 ,  10 ,  5 ,  10 ,  100 ,  33 
서울특별시,중구,초동,  141 ,  3 ,  1 ,  3 ,  4 ,  1 ,  5 ,  82 ,  42 
서울특별시,중구,충무로1가,  92 ,  5 ,  1 ,  1 ,  - ,  2 ,  - ,  58 ,  25 
서울특별시,중구,충무로2가,  163 ,  15 ,  6 ,  1 ,  1 ,  3 ,  6 ,  116 ,  15 
서울특별시,중구,충무로3가,  143 ,  4 ,  2 ,  1 ,  2 ,  7 ,  1 ,  76 ,  50 
서울특별시,중구,충무로4가,  140 ,  2 ,  3 ,  3 ,  1 ,  4 ,  4 ,  65 ,  58 
서울특별시,중구,충무로5가,  124 ,  2 ,  1 ,  3 ,  6 ,  7 ,  9 ,  66 ,  30 
서울특별시,중구,충정로1가,  25 ,  1 ,  1 ,  - ,  1 ,  1 ,  1 ,  17 ,  3 
서울특별시,중구,태평로1가,  32 ,  - ,  - ,  2 ,  - ,  1 ,  1 ,  24 ,  4 
서울특별시,중구,태평로2가,  73 ,  - ,  - ,  1 ,  - ,  1 ,  1 ,  46 ,  24 
서울특별시,중구,필동1가,  88 ,  3 ,  - ,  5 ,  8 ,  3 ,  1 ,  46 ,  22 
서울특별시,중구,필동2가,  200 ,  18 ,  14 ,  15 ,  33 ,  7 ,  6 ,  65 ,  42 
서울특별시,중구,필동3가,  143 ,  6 ,  15 ,  19 ,  23 ,  14 ,  4 ,  35 ,  27 
서울특별시,중구,황학동,  708 ,  45 ,  24 ,  26 ,  25 ,  59 ,  105 ,  308 ,  116 
서울특별시,중구,회현동1가,  226 ,  16 ,  6 ,  9 ,  21 ,  15 ,  5 ,  119 ,  35 
서울특별시,중구,회현동2가,  35 ,  3 ,  1 ,  2 ,  1 ,  - ,  4 ,  17 ,  7 
서울특별시,중구,회현동3가,  23 ,  2 ,  1 ,  - ,  - ,  1 ,  1 ,  11 ,  7 
서울특별시,중구,흥인동,  115 ,  9 ,  2 ,  3 ,  5 ,  11 ,  17 ,  59 ,  9 
서울특별시,중랑구,망우동,  628 ,  55 ,  51 ,  27 ,  63 ,  124 ,  150 ,  150 ,  8 
서울특별시,중랑구,면목동,"  1,370 ",  65 ,  63 ,  57 ,  136 ,  295 ,  302 ,  450 ,  2 
서울특별시,중랑구,묵동,  395 ,  36 ,  22 ,  29 ,  28 ,  76 ,  73 ,  127 ,  4 
서울특별시,중랑구,상봉동,  592 ,  74 ,  51 ,  52 ,  54 ,  71 ,  85 ,  202 ,  3 
서울특별시,중랑구,신내동,  317 ,  77 ,  41 ,  61 ,  72 ,  29 ,  16 ,  17 ,  4 
서울특별시,중랑구,중화동,  479 ,  16 ,  19 ,  34 ,  58 ,  96 ,  97 ,  159 ,  - 
